RunID, Score
1,0.804448022
2,0.807961904
3,0.832068665
4,0.836533808
5,0.836090471
6,0.825960746
7,0.823373201
8,0.820897229
9,0.837677909
10,0.836144393
Mean,0.826115635
