RunID, Score
1.0,0.8743709375172607
2.0,0.7936598905013588
3.0,0.9332142516492292
4.0,0.8001461916847464
5.0,0.8519407199251816
6.0,0.9046193447372911
7.0,0.8379060729398567
8.0,0.8613610986181163
9.0,0.8695737610873564
10.0,0.8736976575879958
