RunID, Score
1,0.874370938
2,0.793659891
3,0.933214252
4,0.800146192
5,0.85194072
6,0.904619345
7,0.837906073
8,0.861361099
9,0.869573761
10,0.873697658
Mean,0.860048993
